UNIDADE_ORCAMENTARIA,ACAO_GOVERNO,GRUPO_DESPESA,LIQUIDACOES_TOTAIS
26430,2004,3,"2.171.108,78"
26430,2994,3,"5.031.829,50"
26430,4572,3,"228.971,47"
26418,5,1,"19.859.455,36"
26418,5,3,"611.582,17"
26418,00PI,3,"722.482,33"
26418,00PW,3,"79.328,00"
26418,09HB,1,"68.961.514,97"
26418,15R4,4,"2.897.227,84"
26418,15R4,4,"805.027,78"
26418,20RG,3,"180.440,20"
26418,20RG,4,"1.066.395,09"
26418,20RL,3,"47.220.622,68"
26418,20RL,4,"6.758.691,54"
26418,20RL,33914712,"2.700,99"
26418,20TP,1,"337.235.409,90"
26418,21B4,3,"355.159,72"
26418,181,1,"119.297.946,40"
26418,212B,3,"17.462.651,20"
26418,216H,3,"73.156,54"
26418,219U,3,"35.913,90"
26418,2004,3,"5.433.804,29"
26418,2994,3,"15.932.610,84"
26418,4572,3,"388.140,60"
26431,5,1,"3.695.427,84"
26431,00PI,3,"699.519,05"
26431,00PW,3,"32.520,00"
26431,09HB,1,"61.631.120,20"
26431,15R4,4,"3.075.653,54"
26431,20RG,4,"1.374.614,25"
26431,20RL,3,"46.101.503,18"
26431,20RL,33914712,"26.917,33"
26431,20TP,1,"318.410.133,30"
26431,21B3,3,"68.336,20"
26431,21B4,3,"1.671.423,56"
26431,181,1,"49.170.130,68"
26431,212B,3,"15.603.655,51"
26431,216H,3,"10.000,00"
26431,219U,4,"26.700,00"
26431,2004,3,"5.733.322,63"
26431,2994,3,"13.526.256,59"
26431,4572,3,"420.772,86"
26435,5,1,"2.444.533,48"
26435,5,3,"11.611,58"
26435,00PI,3,"1.002.186,54"
26435,00PW,3,"84.132,00"
26435,09HB,1,"82.537.061,88"
26435,15R4,4,"519.040,77"
26435,15R4,4,"1.198.004,91"
26435,20RG,4,"3.128.811,08"
26435,20RH,3,"161.446,90"
26435,20RL,3,"61.115.394,72"
26435,20RL,4,"8.737.609,12"
26435,20RL,33914712,"14.565,01"
26435,20TP,1,"415.857.239,10"
26435,21B4,3,"1.200.000,00"
26435,181,1,"77.536.626,67"
26435,212B,3,"23.204.702,25"
26435,219U,3,"3.271.042,63"
26435,219U,4,"25.560,00"
26435,2004,3,"7.412.581,01"
26435,2994,3,"20.231.591,59"
26435,2994,4,"52.539,06"
26435,4572,3,"2.671.843,61"
26423,5,1,"4.087.927,25"
26423,00PI,3,"132.233,59"
26423,00PW,3,"41.376,18"
26423,09HB,1,"31.724.289,18"
26423,15R4,4,"686.882,13"
26423,20RL,3,"25.556.343,82"
26423,20RL,4,"1.262.349,41"
26423,20RL,33914712,"1.560,50"
26423,20TP,1,"168.820.381,50"
26423,21B4,3,"106.446,11"
26423,181,1,"53.720.206,63"
26423,212B,3,"9.382.324,96"
26423,219U,3,"4.448,91"
26423,2004,3,"2.632.345,89"
26423,2994,3,"3.811.087,48"
26423,4572,3,"192.491,50"
26401,5,1,"494.130,96"
26401,5,3,"109.161,11"
26401,00PW,3,"27.463,90"
26401,09HB,1,"17.226.592,82"
26401,15R4,4,"2.252.267,74"
26401,20RG,4,"7.705.812,89"
26401,20RL,3,"13.856.761,55"
26401,20RL,4,"2.965.022,02"
26401,20RL,33914712,"204,13"
26401,20TP,1,"90.996.312,00"
26401,21B3,3,"433.506,92"
26401,21B4,3,"1.132.516,88"
26401,181,1,"743.716,10"
26401,212B,3,"4.921.132,90"
26401,216H,3,"9.000,00"
26401,219U,3,"559.500,00"
26401,219U,4,"1.365,00"
26401,2004,3,"577.386,99"
26401,2994,3,"3.788.265,54"
26401,4572,3,"83.993,19"
26403,5,1,"588.647,02"
26403,00PI,3,"1.210.366,12"
26403,00PW,3,"87.774,09"
26403,09HB,1,"44.572.618,53"
26403,15R4,4,"1.707.140,73"
26403,15R4,4,"1.259.397,69"
26403,20RG,3,"501.500,95"
26403,20RG,4,"15.464.268,34"
26403,20RL,3,"48.510.740,64"
26403,20RL,4,"131.970,05"
26403,20TP,1,"230.840.143,90"
26403,21B4,3,"2.692.827,59"
26403,181,1,"49.266.178,33"
26403,212B,3,"12.207.050,38"
26403,216H,3,"38.280,00"
26403,219U,4,"20.370,00"
26403,2004,3,"2.537.179,91"
26403,2994,3,"12.690.388,44"
26403,4572,3,"1.055.074,17"
26426,5,1,"97.066,20"
26426,00PW,3,"23.869,00"
26426,09HB,1,"12.511.181,82"
26426,15R4,4,"162.664,57"
26426,20RG,4,"5.640.603,51"
26426,20RL,3,"16.067.525,40"
26426,20RL,4,"1.273.648,72"
26426,20TP,1,"72.902.627,70"
26426,21B3,3,"339.547,09"
26426,21B4,3,"1.053.425,00"
26426,181,1,"929.423,65"
26426,212B,3,"4.532.323,03"
26426,2004,3,"792.892,60"
26426,2994,3,"4.546.035,90"
26426,4572,3,"280.569,75"
26426,6380,3,"4.800,00"
26416,5,1,"514.845,47"
26416,5,3,"222.753,48"
26416,00PI,3,"1.189.434,67"
26416,00PW,3,"73.718,00"
26416,09HB,1,"61.315.417,18"
26416,15R4,4,"4.703.307,81"
26416,20RG,3,"93.731,78"
26416,20RG,4,"5.142.370,50"
26416,20RL,3,"52.659.708,44"
26416,20RL,4,"1.540.333,41"
26416,20TP,1,"321.695.925,50"
26416,181,1,"61.814.164,29"
26416,212B,3,"16.776.404,64"
26416,219U,3,"1.142.494,62"
26416,219U,4,"1.443.713,24"
26416,2004,3,"3.899.128,23"
26416,2994,3,"12.677.458,76"
26416,2994,4,"438.009,00"
26416,4572,3,"379.396,78"
26421,5,1,"88.002,21"
26421,00PI,3,"488.160,49"
26421,00PW,3,"49.586,00"
26421,09HB,1,"27.981.561,70"
26421,15R4,4,"5.687.401,67"
26421,20RG,3,"199.857,45"
26421,20RG,4,"12.551.858,69"
26421,20RH,3,"60.723,30"
26421,20RL,3,"33.060.850,67"
26421,20RL,4,"10.641.438,63"
26421,20RL,33914712,"2.354,01"
26421,20TP,1,"158.105.083,00"
26421,21B4,3,"1.535.117,27"
26421,181,1,"6.481.850,02"
26421,212B,3,"8.404.697,72"
26421,216H,3,"214.733,23"
26421,219U,3,"74.771,50"
26421,2004,3,"2.067.889,61"
26421,2994,3,"10.139.639,76"
26421,4572,3,"1.177.995,94"
26437,5,1,"86.935,59"
26437,00PW,3,"20.811,20"
26437,09HB,1,"16.305.180,71"
26437,15R4,4,"1.094.482,50"
26437,20RG,4,"764.595,28"
26437,20RL,3,"15.336.146,37"
26437,20RL,4,"5.100.547,47"
26437,20RL,33914712,"2.229,80"
26437,20TP,1,"84.203.470,66"
26437,21B4,3,"779.820,82"
26437,181,1,"21.322.499,78"
26437,212B,3,"6.398.641,91"
26437,2004,3,"1.119.513,75"
26437,2994,3,"3.736.770,55"
26437,4572,3,"197.101,35"
26424,00PI,3,"800.845,34"
26424,00PW,3,"45.156,00"
26424,09HB,1,"34.342.111,36"
26424,15R4,4,"6.449.604,35"
26424,20RG,4,"3.353.147,83"
26424,20RL,3,"34.287.334,54"
26424,20RL,4,"49.757,00"
26424,20RL,33914712,"8.413,23"
26424,20TP,1,"176.540.064,20"
26424,21B4,3,"543.819,99"
26424,181,1,"4.997.942,20"
26424,212B,3,"9.698.065,75"
26424,216H,3,"98.876,72"
26424,219U,3,"40.034,02"
26424,2004,3,"2.751.027,98"
26424,2994,3,"6.994.106,89"
26424,4572,3,"549.857,83"
26406,5,1,"8.376.718,47"
26406,00PI,3,"3.017.549,03"
26406,00PW,3,"100.059,00"
26406,09HB,1,"89.533.211,19"
26406,15R4,4,"10.084.691,13"
26406,15R4,4,"5.189,10"
26406,20RG,3,"7.055.824,03"
26406,20RG,4,"25.971.607,08"
26406,20RH,3,"4.248.413,00"
26406,20RL,3,"62.812.559,38"
26406,20RL,33914712,"20.755,43"
26406,20TP,1,"436.417.465,80"
26406,21B3,3,"501.603,30"
26406,21B3,3,"18.429.632,00"
26406,21B4,3,"1.807.452,43"
26406,181,1,"107.513.414,10"
26406,212B,3,"19.491.947,75"
26406,216H,3,"100.000,00"
26406,219U,3,"3.225.775,00"
26406,219U,3,"310.411,92"
26406,2004,3,"6.715.012,92"
26406,2994,3,"20.046.232,10"
26406,4572,3,"538.605,79"
26257,5,1,"2.035.072,46"
26257,00OQ,3,"17.100,00"
26257,00PI,3,"1.110.704,00"
26257,00PW,3,"78.152,33"
26257,09HB,1,"53.187.723,88"
26257,15R4,4,"4.100.485,68"
26257,15R4,4,"672.577,61"
26257,20RG,4,"3.944.434,84"
26257,20RH,3,"66.302,72"
26257,20RL,3,"52.805.464,39"
26257,20RL,4,"31.836,00"
26257,20RL,33914712,"28.866,63"
26257,20TP,1,"268.986.112,00"
26257,21B3,3,"362.502,08"
26257,181,1,"115.223.661,90"
26257,212B,3,"11.325.928,50"
26257,219U,4,"16.498,00"
26257,2004,3,"4.332.401,43"
26257,2994,3,"8.626.749,12"
26257,4572,3,"272.263,89"
26411,5,1,"705.780,58"
26411,00PI,3,"511.846,78"
26411,00PW,3,"46.832,00"
26411,09HB,1,"39.553.054,34"
26411,15R4,4,"898.591,58"
26411,15R4,4,"768.551,30"
26411,20RG,4,"1.245.889,93"
26411,20RL,3,"28.141.045,19"
26411,20RL,4,"3.758.988,21"
26411,20RL,33914712,"14.222,88"
26411,20TP,1,"194.300.392,80"
26411,181,1,"43.163.034,52"
26411,212B,3,"9.604.650,46"
26411,216H,3,"162.344,10"
26411,536,3,"14.544,00"
26411,2004,3,"3.404.991,82"
26411,2994,3,"8.586.615,90"
26411,4572,3,"400.818,51"
26409,5,1,"468.961,57"
26409,00PI,3,"1.674.596,12"
26409,00PW,3,"67.200,18"
26409,09HB,1,"52.868.302,74"
26409,15R4,4,"7.956.603,36"
26409,20RG,3,"99.987,44"
26409,20RG,4,"16.011.422,28"
26409,20RH,3,"323.700,00"
26409,20RL,3,"33.977.788,34"
26409,20RL,4,"638.299,61"
26409,20RL,33914712,"46.169,91"
26409,20TP,1,"282.967.564,90"
26409,21B3,3,"2.860.283,90"
26409,21B3,3,"54.400,00"
26409,21B3,4,"584.172,57"
26409,21B4,3,"484.185,07"
26409,181,1,"49.615.766,06"
26409,212B,3,"15.963.346,93"
26409,216H,3,"268.161,99"
26409,219U,3,"819.169,42"
26409,2004,3,"5.150.053,00"
26409,2994,3,"12.524.798,90"
26409,2994,4,"177.883,91"
26409,4572,3,"586.773,23"
26409,6380,3,"77.344,00"
26410,5,1,"377.202,90"
26410,00PI,3,"666.891,47"
26410,00PW,3,"53.064,42"
26410,09HB,1,"35.176.994,86"
26410,15R4,4,"4.296.039,74"
26410,15R4,4,"117.136,58"
26410,20RG,3,"400.000,00"
26410,20RG,4,"3.515.253,57"
26410,20RL,3,"31.919.766,98"
26410,20RL,4,"1.534.291,48"
26410,20RL,33914712,"6.187,88"
26410,20TP,1,"188.614.782,30"
26410,21B3,3,"1.432.080,00"
26410,21B3,4,"96.614,81"
26410,21B4,3,"2.304.634,11"
26410,181,1,"18.605.177,76"
26410,212B,3,"9.161.873,83"
26410,216H,3,"226.662,60"
26410,219U,3,"519.050,24"
26410,219U,4,"4.490,00"
26410,2004,3,"3.436.458,35"
26410,2994,3,"11.514.952,16"
26410,2994,4,"40.743,94"
26410,4572,3,"827.030,07"
26412,5,1,"211.390,44"
26412,00PI,3,"1.003.944,05"
26412,00PW,3,"51.589,00"
26412,00S6,1,"3.723,60"
26412,09HB,1,"32.959.872,48"
26412,15R4,4,"7.892.782,88"
26412,15R4,4,"146.480,00"
26412,20RG,4,"1.655.824,98"
26412,20RL,3,"41.681.097,31"
26412,20RL,4,"2.818.316,90"
26412,20RL,33914712,"38.656,16"
26412,20TP,1,"171.644.177,30"
26412,21B3,3,"1.466.361,94"
26412,21B3,3,"57.916,55"
26412,21B3,4,"4.037,12"
26412,21B4,3,"4.273.858,89"
26412,21D6,3,"475.000,00"
26412,181,1,"38.882.790,64"
26412,212B,3,"8.720.140,13"
26412,216H,3,"322.429,00"
26412,219U,3,"502.560,70"
26412,219U,4,"8.166,00"
26412,2004,3,"3.005.319,79"
26412,2994,3,"15.049.256,18"
26412,2994,4,"461.431,60"
26412,4572,3,"155.628,74"
26413,5,1,"566.296,72"
26413,00PI,3,"484.096,92"
26413,00PW,3,"47.364,56"
26413,09HB,1,"33.335.433,38"
26413,15R4,4,"1.987.585,97"
26413,20RG,4,"2.565.537,03"
26413,20RL,3,"20.028.411,99"
26413,20RL,4,"259.763,39"
26413,20RL,33914712,"9.383,77"
26413,20TP,1,"168.189.349,60"
26413,21B3,3,"1.036.273,28"
26413,181,1,"28.755.985,23"
26413,212B,3,"8.038.941,20"
26413,216H,3,"48.197,63"
26413,2004,3,"2.888.701,14"
26413,2994,3,"4.664.691,74"
26413,4572,3,"378.610,50"
26256,5,1,"2.107.319,10"
26256,00OQ,3,"27.327,50"
26256,00PW,3,"73.658,35"
26256,09HB,1,"44.616.168,59"
26256,15R4,3,"337.100,00"
26256,15R4,4,"446.970,81"
26256,20RG,3,"755.530,89"
26256,20RG,4,"2.137.861,67"
26256,20RL,3,"27.352.110,06"
26256,20RL,4,"310.859,70"
26256,20RL,33914712,"7.468,03"
26256,20TP,1,"218.326.422,70"
26256,21B3,3,"570.500,00"
26256,181,1,"118.201.787,60"
26256,212B,3,"10.470.230,47"
26256,219U,3,"40.160,00"
26256,219U,4,"1.013.518,34"
26256,2004,3,"2.761.660,00"
26256,2994,3,"5.601.096,46"
26256,4572,3,"114.601,96"
26201,5,1,"26.672.541,48"
26201,5,3,"2.056.289,18"
26201,00PI,3,"1.115.722,97"
26201,00PW,3,"64.519,00"
26201,09HB,1,"56.513.012,28"
26201,15R4,3,"143.527,00"
26201,15R4,4,"831.683,72"
26201,15R4,4,"677.406,37"
26201,20RI,3,"44.311.901,10"
26201,20RI,4,"4.845.618,18"
26201,20RI,33914712,"44.690,95"
26201,20TP,1,"297.297.241,00"
26201,181,1,"291.225.849,90"
26201,212B,3,"17.535.607,14"
26201,219U,3,"531.623,73"
26201,2004,3,"3.188.938,00"
26201,2994,3,"6.169.452,00"
26201,4572,3,"95.312,30"
26434,5,1,"3.374.102,02"
26434,5,3,"2.889,34"
26434,00PI,3,"507.116,41"
26434,00PW,3,"54.774,26"
26434,09HB,1,"50.167.081,70"
26434,15R4,3,"249.700,00"
26434,15R4,4,"2.975.678,74"
26434,20RG,4,"2.724.344,59"
26434,20RL,3,"46.134.224,84"
26434,20RL,4,"454.953,36"
26434,20RL,33914712,"22.107,86"
26434,20TP,1,"251.370.298,50"
26434,181,1,"83.732.107,29"
26434,212B,3,"12.319.840,78"
26434,216H,3,"60.000,00"
26434,219U,3,"144.000,00"
26434,2004,3,"3.562.683,97"
26434,2994,3,"9.954.698,97"
26434,4572,3,"400.380,00"
26433,5,1,"2.033.440,39"
26433,00PI,3,"542.263,50"
26433,00PW,3,"57.890,47"
26433,09HB,1,"60.027.900,66"
26433,15R4,3,"17.892,18"
26433,15R4,4,"53.755,00"
26433,20RG,4,"11.373.461,23"
26433,20RL,3,"32.345.145,06"
26433,20RL,4,"499.622,55"
26433,20RL,33914712,"21.694,92"
26433,20TP,1,"298.914.901,60"
26433,21B3,3,"1.494.640,00"
26433,181,1,"55.446.882,62"
26433,212B,3,"15.276.753,54"
26433,216H,3,"30.853,00"
26433,219U,4,"5.000,00"
26433,2004,3,"2.605.742,08"
26433,2994,3,"8.732.199,69"
26433,4572,3,"226.730,45"
26439,5,1,"347.294,15"
26439,5,3,"85.640,34"
26439,00PI,3,"1.851.869,07"
26439,00PW,3,"134.219,28"
26439,09HB,1,"122.662.285,00"
26439,15R4,4,"5.972.357,09"
26439,20RG,3,"777.387,65"
26439,20RG,4,"40.857.718,54"
26439,20RH,3,"1.870.000,00"
26439,20RL,3,"79.860.184,50"
26439,20RL,4,"2.426.005,37"
26439,20RL,33914712,"18.448,72"
26439,20TP,1,"684.772.844,00"
26439,21B4,3,"5.018.806,95"
26439,181,1,"76.898.462,18"
26439,212B,3,"42.193.241,65"
26439,216H,3,"284.659,64"
26439,219U,3,"1.035.676,26"
26439,219U,4,"7.242,34"
26439,2004,3,"7.627.555,39"
26439,2994,3,"26.189.056,62"
26439,4572,3,"866.726,73"
26432,5,1,"1.316.947,92"
26432,5,3,"15.740,95"
26432,00PI,3,"299.478,26"
26432,00PW,3,"89.400,16"
26432,09HB,1,"62.847.378,94"
26432,15R4,4,"4.790.684,01"
26432,15R4,4,"528.279,04"
26432,20RG,4,"3.744.751,07"
26432,20RL,3,"43.434.580,81"
26432,20RL,4,"11.071.111,94"
26432,20RL,33914712,"19.962,27"
26432,20TP,1,"334.114.822,30"
26432,21B3,3,"1.341.263,67"
26432,21B3,4,"147.228,87"
26432,21B4,3,"515.060,72"
26432,21D6,3,"29.066,00"
26432,21D6,4,"334.308,90"
26432,181,1,"8.780.399,79"
26432,212B,3,"16.476.267,02"
26432,216H,3,"139.278,22"
26432,219U,3,"219.409,55"
26432,219U,4,"521,18"
26432,2004,3,"4.415.448,32"
26432,2994,3,"12.209.778,67"
26432,4572,3,"298.822,18"
26420,5,1,"2.444.876,46"
26420,00OQ,3,"8.435,50"
26420,00PI,3,"1.241.700,75"
26420,00PW,3,"52.036,00"
26420,09HB,1,"41.894.326,18"
26420,15R4,4,"3.422.967,40"
26420,20RG,4,"1.503.488,61"
26420,20RL,3,"35.753.253,21"
26420,20RL,4,"6.311.463,66"
26420,20RL,33914712,"13.506,60"
26420,20TP,1,"216.920.337,90"
26420,21B4,3,"292.504,18"
26420,181,1,"20.253.961,93"
26420,212B,3,"11.327.392,24"
26420,216H,3,"120.722,24"
26420,219U,3,"274.711,97"
26420,2004,3,"2.161.284,81"
26420,2994,3,"15.475.851,26"
26420,2994,4,"50.116,90"
26420,4572,3,"220.000,00"
26419,5,1,"5.982.996,72"
26419,00PI,3,"724.323,23"
26419,00PW,3,"80.711,75"
26419,09HB,1,"62.979.117,68"
26419,15R4,4,"2.976.821,89"
26419,20RG,3,"352.354,83"
26419,20RG,4,"1.133.106,71"
26419,20RL,3,"39.358.964,32"
26419,20RL,4,"6.557.384,10"
26419,20RL,33914712,"19.908,25"
26419,20TP,1,"338.091.259,40"
26419,21B3,3,"1.075.999,18"
26419,21B4,3,"384.000,00"
26419,181,1,"33.763.453,02"
26419,212B,3,"18.108.436,42"
26419,216H,3,"248.866,55"
26419,219U,3,"776.358,06"
26419,536,3,"32.320,00"
26419,2004,3,"4.561.694,55"
26419,2994,3,"12.057.623,29"
26419,4572,3,"411.288,40"
26436,5,1,"8.745.434,42"
26436,00PI,3,"152.862,21"
26436,00PW,3,"61.198,00"
26436,09HB,1,"58.721.076,88"
26436,15R4,3,"15.000,00"
26436,15R4,4,"5.792.115,67"
26436,15R4,4,"44.871,56"
26436,20RG,4,"1.474.075,46"
26436,20RL,3,"36.654.625,12"
26436,20RL,4,"3.879.358,56"
26436,20RL,33914712,"2.442,59"
26436,20TP,1,"288.269.848,00"
26436,21B3,3,"681.390,98"
26436,21B3,4,"152.743,27"
26436,21B4,3,"2.752.952,70"
26436,181,1,"77.296.276,82"
26436,212B,3,"15.028.718,51"
26436,216H,3,"2.800,00"
26436,219U,3,"804.430,00"
26436,2004,3,"4.415.102,93"
26436,2994,3,"11.198.547,60"
26436,4572,3,"418.497,24"
26422,5,1,"2.638.851,98"
26422,00OQ,3,"6.266,85"
26422,00PI,3,"1.567.282,24"
26422,00PW,3,"72.805,00"
26422,09HB,1,"50.451.843,79"
26422,15R4,3,"329.354,00"
26422,15R4,4,"5.711.937,32"
26422,15R4,4,"10.857,54"
26422,20RG,4,"6.103.518,88"
26422,20RL,3,"41.039.839,89"
26422,20RL,4,"2.378.340,15"
26422,20RL,33914712,"16.069,97"
26422,20TP,1,"263.769.262,20"
26422,181,1,"27.667.718,54"
26422,212B,3,"13.827.562,69"
26422,216H,3,"240.373,30"
26422,219U,3,"616.497,29"
26422,219U,4,"1.450,18"
26422,2004,3,"3.413.479,43"
26422,2994,3,"13.825.024,76"
26422,4572,3,"218.904,68"
26422,4641,3,"199.100,09"
26438,5,1,"20.202.955,11"
26438,00PI,3,"567.709,07"
26438,00PW,3,"133.433,86"
26438,09HB,1,"76.327.873,78"
26438,15R4,3,"100.000,00"
26438,15R4,4,"6.603.595,62"
26438,20RG,4,"1.438.171,36"
26438,20RL,3,"45.811.594,14"
26438,20RL,4,"10.889.702,89"
26438,20RL,33914712,"3.959,71"
26438,20TP,1,"400.063.774,80"
26438,21B3,3,"349.999,32"
26438,21B3,3,"700.000,00"
26438,21B4,3,"184.000,00"
26438,181,1,"84.138.882,30"
26438,212B,3,"19.888.638,06"
26438,216H,3,"42.026,00"
26438,219U,3,"842.552,76"
26438,2004,3,"5.034.611,13"
26438,2994,3,"13.846.385,15"
26438,2994,4,"239.636,71"
26438,4572,3,"272.582,83"
26438,4641,3,"218.694,78"
26428,5,1,"88.479,40"
26428,00PI,3,"553.535,52"
26428,00PW,3,"44.913,00"
26428,09HB,1,"33.593.657,98"
26428,15R4,4,"653.399,47"
26428,20RG,3,"1.285.849,53"
26428,20RG,4,"23.976.782,17"
26428,20RH,3,"150.000,00"
26428,20RL,3,"28.308.989,42"
26428,20RL,4,"2.828.418,51"
26428,20RL,33914712,"10.297,11"
26428,20TP,1,"181.506.227,50"
26428,181,1,"3.887.995,17"
26428,212B,3,"8.985.823,09"
26428,219U,3,"599.999,60"
26428,219U,4,"480,00"
26428,2004,3,"1.600.771,84"
26428,2994,3,"6.928.759,98"
26428,4572,3,"166.064,16"
26407,5,1,"1.525.718,35"
26407,00PI,3,"815.179,22"
26407,00PW,3,"70.380,82"
26407,09HB,1,"58.765.890,30"
26407,15R4,3,"3.145.930,90"
26407,15R5,4,"10.220.922,43"
26407,15R6,4,"718.112,27"
26407,20RG,4,"1.415.895,67"
26407,20RH,3,"11.263,53"
26407,20RL,3,"41.420.893,62"
26407,20RL,4,"4.859.770,43"
26407,20RL,33914712,"24.493,64"
26407,20TP,1,"214.112.124,80"
26407,21B3,3,"840.536,77"
26407,21B4,4,"36.418,00"
26407,181,1,"26.075.325,13"
26407,212B,3,"10.515.738,45"
26407,216H,3,"490.915,25"
26407,219U,3,"61.600,00"
26407,219U,4,"602.798,05"
26407,2004,3,"3.388.218,93"
26407,2994,3,"12.403.870,95"
26407,2995,4,"21.351,25"
26407,4572,3,"1.121.239,17"
26407,4641,3,"4.815,90"
26429,5,1,"4.277.392,62"
26429,00PI,3,"691.792,89"
26429,00PW,3,"64.865,00"
26429,09HB,1,"62.720.087,83"
26429,15R4,3,"2.064.484,85"
26429,15R4,4,"5.683.406,54"
26429,20RG,4,"502.706,83"
26429,20RL,3,"34.159.124,28"
26429,20RL,4,"4.632.777,33"
26429,20RL,33914712,"9.383,87"
26429,20TP,1,"312.911.342,20"
26429,21B4,3,"300.800,00"
26429,181,1,"67.326.562,48"
26429,212B,3,"14.091.121,99"
26429,219U,3,"179.304,00"
26429,219U,4,"273.718,83"
26429,2004,3,"5.213.153,70"
26429,2994,3,"9.719.550,12"
26429,4572,3,"285.983,26"
26415,5,1,"129.658,48"
26415,00PI,3,"204.577,04"
26415,00PW,3,"45.390,00"
26415,09HB,1,"27.439.652,36"
26415,15R4,3,"97.860,00"
26415,15R4,4,"5.301.385,91"
26415,15R4,4,"1.414.924,83"
26415,20RG,3,"89.050,00"
26415,20RG,4,"10.856.275,35"
26415,20RL,3,"19.925.015,46"
26415,20RL,4,"1.932.408,42"
26415,20RL,33914712,"5.680,26"
26415,20TP,1,"156.586.231,30"
26415,21B3,3,"835.546,47"
26415,21B4,3,"640.000,00"
26415,181,1,"1.637.467,54"
26415,212B,3,"8.084.952,37"
26415,2004,3,"1.690.895,25"
26415,2994,3,"6.464.056,42"
26415,4572,3,"280.259,28"
26415,4641,3,"2.000,00"
26414,5,1,"1.318.671,17"
26414,00PI,3,"646.016,84"
26414,00PW,3,"89.748,45"
26414,09HB,1,"55.287.469,46"
26414,15R4,4,"9.703.185,78"
26414,15R4,4,"21.701,29"
26414,20RG,4,"5.109.421,35"
26414,20RL,3,"61.723.180,64"
26414,20RL,4,"6.896.892,18"
26414,20RL,33914712,"42.912,02"
26414,20TP,1,"289.099.291,30"
26414,21B4,3,"1.509.200,00"
26414,181,1,"63.124.092,61"
26414,212B,3,"14.229.071,53"
26414,216H,3,"105.800,00"
26414,219U,3,"59.760,71"
26414,2004,3,"3.340.246,06"
26414,2994,3,"20.572.221,91"
26414,2994,4,"7.479.197,66"
26414,4572,3,"1.002.694,41"
26402,5,1,"12.739.951,36"
26402,5,3,"286.973,94"
26402,00PI,3,"496.340,88"
26402,00PW,3,"68.373,00"
26402,00S6,1,"1.000,00"
26402,09HB,1,"53.503.126,41"
26402,15R4,4,"3.275.591,69"
26402,15R4,4,"905.590,00"
26402,20RG,4,"12.440.774,22"
26402,20RL,3,"40.764.325,06"
26402,20RL,4,"4.128.414,28"
26402,20RL,33914712,"12.595,02"
26402,20TP,1,"271.440.820,40"
26402,21B4,3,"1.992.267,49"
26402,181,1,"66.884.380,13"
26402,212B,3,"14.253.507,39"
26402,216H,3,"49.600,00"
26402,2004,3,"4.054.632,64"
26402,2994,3,"10.878.580,62"
26404,5,1,"2.867.226,57"
26404,00PI,3,"886.657,28"
26404,00PW,3,"66.387,00"
26404,09HB,1,"46.215.924,80"
26404,15R4,4,"2.850.240,96"
26404,20RG,3,"16.783,72"
26404,20RG,4,"1.092.211,66"
26404,20RL,3,"42.319.139,98"
26404,20RL,4,"1.679.941,67"
26404,20RL,33914712,"3.170,33"
26404,20TP,1,"234.883.732,10"
26404,21B4,3,"708.021,50"
26404,181,1,"14.277.177,67"
26404,212B,3,"14.470.030,29"
26404,216H,3,"190.941,29"
26404,219U,3,"1.166.632,83"
26404,2004,3,"2.509.326,69"
26404,2994,3,"13.412.855,15"
26404,2994,4,"294.132,60"
26404,4572,3,"554.846,21"
26427,5,1,"1.632.279,85"
26427,00PI,3,"864.945,65"
26427,00PW,3,"136.188,00"
26427,09HB,1,"79.206.663,35"
26427,15R4,4,"2.725.127,70"
26427,15R4,4,"308.263,20"
26427,20RG,4,"7.034.427,89"
26427,20RL,3,"57.715.948,68"
26427,20RL,4,"480.409,88"
26427,20RL,33914712,"32.059,64"
26427,20TP,1,"395.857.044,20"
26427,21B3,3,"1.047.806,95"
26427,21B4,3,"2.793.027,06"
26427,181,1,"76.955.624,58"
26427,212B,3,"21.295.621,50"
26427,216H,3,"388.102,48"
26427,219U,3,"3.511.598,47"
26427,219U,4,"6.110,00"
26427,2004,3,"4.140.201,18"
26427,2994,3,"17.873.737,95"
26427,4572,3,"187.210,90"
26405,5,1,"14.088.485,53"
26405,5,3,"23.126,60"
26405,00PI,3,"1.156.820,79"
26405,00PW,3,"123.521,00"
26405,09HB,1,"101.700.350,20"
26405,15R4,4,"8.534.004,48"
26405,20RG,4,"5.692.651,92"
26405,20RH,3,"1.024.941,18"
26405,20RL,3,"71.706.646,00"
26405,20RL,4,"8.717.533,37"
26405,20RL,33914712,"20.443,16"
26405,20TP,1,"518.454.991,00"
26405,21B3,3,"2.591.841,40"
26405,21B4,3,"262.313,53"
26405,181,1,"84.721.710,49"
26405,212B,3,"24.556.747,92"
26405,216H,3,"30.427,20"
26405,219U,3,"35.595,24"
26405,536,3,"4.848,00"
26405,2004,3,"7.061.764,17"
26405,2994,3,"27.129.165,72"
26405,4572,3,"911.221,49"
26408,5,1,"126.810,65"
26408,00PI,3,"876.370,65"
26408,00PW,3,"116.547,00"
26408,09HB,1,"85.692.528,31"
26408,15R4,4,"4.365.981,37"
26408,20RG,4,"6.479.604,87"
26408,20RL,3,"71.710.369,23"
26408,20RL,4,"10.233.847,02"
26408,20TP,1,"432.742.998,90"
26408,21B4,3,"3.033.508,38"
26408,181,1,"52.884.337,94"
26408,212B,3,"23.390.700,22"
26408,216H,3,"97.660,00"
26408,219U,4,"247.900,00"
26408,2004,3,"5.617.600,21"
26408,2994,3,"19.756.624,17"
26408,2994,4,"1.496.117,69"
26408,4572,3,"132.023,03"
26417,5,1,"1.361.952,56"
26417,00OQ,3,"6.200,00"
26417,00PI,3,"589.790,19"
26417,00PW,3,"79.924,00"
26417,09HB,1,"73.016.830,44"
26417,15R4,4,"7.442.291,60"
26417,15R4,4,"873.779,47"
26417,20RG,4,"8.554.209,30"
26417,20RL,3,"46.260.104,62"
26417,20RL,4,"563.248,78"
26417,20RL,33914712,"1.697,57"
26417,20TP,1,"364.438.227,00"
26417,21B4,3,"2.615.527,44"
26417,181,1,"90.129.185,25"
26417,212B,3,"16.830.184,34"
26417,216H,3,"124.070,00"
26417,219U,3,"23.081,30"
26417,2004,3,"5.342.991,43"
26417,2994,3,"17.223.217,91"
26417,4572,3,"670.082,09"
26417,4572,4,"9.192,00"
26430,5,1,"1.651.478,56"
26430,00PI,3,"232.990,96"
26430,00PW,3,"37.833,32"
26430,09HB,1,"26.323.566,64"
26430,15R4,4,"2.079.891,58"
26430,20RG,4,"472.581,41"
26430,20RL,3,"19.711.138,46"
26430,20TP,1,"133.746.362,60"
26430,21B3,3,"670.267,00"
26430,21B4,3,"400.000,00"
26430,181,1,"13.825.611,93"
26430,212B,3,"8.642.705,07"
26430,216H,3,"8.860,00"
26430,219U,4,"48.000,00"
